{"started_on": {"$dt": "2023-05-12T23:17:39.263814"}, "duration": -1, "sample_id": 3945157, "owner": null, "id": 4064740, "category": "file", "priority": 3, "guest": {"status": "stopped", "name": "win7x6414", "label": "win7x6414", "manager": "VirtualBox", "started_on": "2023-05-12 23:17:40", "shutdown_on": "2023-05-12 23:19:04"}, "clock": {"$dt": "2023-05-12T23:17:37.821450"}, "custom": null, "machine": null, "platform": "windows", "memory": true, "status": "running", "tags": [], "processing": null, "enforce_timeout": false, "completed_on": null, "target": "/srv/cuckoo/cwd/storage/cuckoo-tmp/tmpNenf76/1.ComSvcConfig.exe", "package": "exe", "route": "internet", "timeout": 300, "submit_id": 4038661, "options": {"procmemdump": "yes", "remotecontrol": "yes", "route": "internet"}, "added_on": {"$dt": "2023-05-12T23:17:37.821499"}}